Driver_ID,Driver_Name,Experience_Years,Shift
D001,Meena Krishnan,6,Afternoon
D002,Rahul Sharma,10,Afternoon
D003,Harini Iyer,3,Night
D004,Manoj Nair,15,Afternoon
D005,Dinesh Kumar,4,Morning
D006,Dinesh Reddy,5,Morning
D007,Suresh Das,15,Evening
D008,Suresh Menon,7,Night
D009,Vijay Nair,3,Afternoon
D010,Harini Balan,5,Night
D011,Ajay Reddy,6,Afternoon
D012,Vijay Balan,8,Morning
D013,Priya Sharma,3,Afternoon
D014,Nisha Das,2,Night
D015,Manoj Das,8,Evening
D016,Harini Kumar,11,Morning
D017,Harini Nair,13,Evening
D018,Divya Nair,7,Afternoon
D019,Santhosh Kumar,12,Evening
D020,Vignesh Rajan,9,Morning
D021,Swetha Balan,10,Afternoon
D022,Vijay Krishnan,13,Afternoon
D023,Harini Balan,15,Morning
D024,Deepa Krishnan,8,Morning
D025,Divya Krishnan,15,Evening
D026,Anitha Kumar,4,Morning
D027,Karthik Menon,14,Morning
D028,Harini Rajan,3,Night
D029,Harini Rajan,5,Night
D030,Suresh Balan,13,Afternoon
D031,Swetha Reddy,11,Evening
D032,Santhosh Balan,8,Morning
D033,Anitha Iyer,2,Evening
D034,Arun Das,9,Afternoon
D035,Ajay Iyer,1,Morning
D036,Priya Iyer,2,Morning
D037,Dinesh Sharma,9,Afternoon
D038,Rahul Menon,4,Afternoon
D039,Ajay Das,8,Afternoon
D040,Keerthi Reddy,4,Morning
D041,Divya Reddy,6,Night
D042,Nisha Menon,14,Morning
D043,Divya Kumar,7,Evening
D044,Divya Iyer,4,Afternoon
D045,Harini Menon,3,Night
D046,Meena Nair,8,Afternoon
D047,Karthik Menon,13,Morning
D048,Priya Balan,14,Morning
D049,Karthik Iyer,3,Night
D050,Keerthi Menon,4,Night
D051,Priya Rajan,7,Morning
D052,Manoj Nair,15,Night
D053,Swetha Reddy,12,Night
D054,Vijay Iyer,5,Afternoon
D055,Priya Das,12,Morning
D056,Dinesh Kumar,1,Night
D057,Vignesh Balan,3,Morning
D058,Vignesh Sharma,14,Afternoon
D059,Karthik Das,2,Afternoon
D060,Manoj Sharma,15,Afternoon
D061,Ajay Das,1,Morning
D062,Nisha Das,10,Evening
D063,Rahul Iyer,11,Evening
D064,Anitha Nair,7,Afternoon
D065,Swetha Menon,6,Morning
D066,Arun Menon,10,Morning
D067,Karthik Balan,4,Evening
D068,Vijay Krishnan,15,Morning
D069,Anitha Krishnan,5,Afternoon
D070,Santhosh Balan,12,Evening
D071,Deepa Balan,1,Evening
D072,Divya Rajan,5,Morning
D073,Divya Balan,3,Evening
D074,Swetha Das,4,Evening
D075,Suresh Nair,9,Night
D076,Rahul Kumar,2,Night
D077,Rahul Kumar,1,Evening
D078,Vijay Nair,3,Night
D079,Harini Reddy,9,Morning
D080,Divya Sharma,15,Afternoon
D081,Harini Kumar,14,Evening
D082,Ajay Balan,3,Night
D083,Vijay Kumar,5,Evening
D084,Priya Krishnan,4,Afternoon
D085,Divya Krishnan,13,Night
D086,Deepa Rajan,15,Afternoon
D087,Meena Rajan,15,Night
D088,Arun Rajan,12,Evening
D089,Nisha Iyer,5,Afternoon
D090,Divya Reddy,14,Morning
D091,Keerthi Iyer,4,Night
D092,Kavya Nair,14,Afternoon
D093,Anitha Kumar,11,Afternoon
D094,Manoj Krishnan,5,Morning
D095,Rahul Krishnan,11,Night
D096,Harini Krishnan,1,Morning
D097,Rahul Rajan,10,Evening
D098,Priya Sharma,10,Night
D099,Kavya Krishnan,7,Morning
D100,Manoj Das,4,Evening
D101,Priya Reddy,1,Afternoon
D102,Kavya Reddy,2,Evening
D103,Deepa Krishnan,11,Morning
D104,Swetha Balan,5,Night
D105,Dinesh Reddy,12,Evening
D106,Harini Rajan,4,Night
D107,Manoj Rajan,10,Evening
D108,Manoj Balan,14,Morning
D109,Swetha Nair,4,Night
D110,Ajay Das,11,Evening
D111,Santhosh Menon,8,Afternoon
D112,Vignesh Menon,13,Afternoon
D113,Karthik Nair,9,Evening
D114,Karthik Iyer,11,Evening
D115,Anitha Iyer,3,Morning
D116,Priya Iyer,8,Morning
D117,Santhosh Reddy,15,Afternoon
D118,Manoj Menon,7,Afternoon
D119,Vijay Kumar,15,Morning
D120,Nisha Iyer,3,Night
