Location_ID,Location,Latitude,Longitude
L001,Chennai Central,13.0827,80.2707
L002,Tambaram,12.9249,80.1
L003,Guindy,13.0067,80.2206
L004,T Nagar,13.0418,80.2341
L005,Anna Nagar,13.085,80.2101
L006,Velachery,12.9815,80.218
L007,Adyar,13.0012,80.2565
L008,Sholinganallur,12.901,80.2279
L009,Porur,13.0358,80.1568
L010,Guindy Industrial Estate,13.009,80.204
L011,Avadi,13.1147,80.1098
L012,Ambattur,13.1143,80.1548
L013,Thiruvanmiyur,12.983,80.2619
L014,Chromepet,12.9516,80.1462
L015,Medavakkam,12.9165,80.1923
L016,Perungudi,12.9592,80.241
L017,Egmore,13.0732,80.2609
L018,Nungambakkam,13.0569,80.2425
L019,Mylapore,13.0339,80.2675
L020,OMR IT Corridor,12.9352,80.23
